Workbook

Sheet Dados
A1: Nome | B1: Email | C1: Papel | D1: Grupo | E1: Ultimo Acesso
A2: =Sheet1!B2 -> ADRIANA AMANCIO DE OLIVEIRA | B2: =Sheet1!C2 -> DRYCAOLIVEIRA@GMAIL.COM | C2: =Sheet1!D2 -> PROFESSOR | D2: =Sheet1!E2 -> NENHUM GRUPO | E2: =Sheet1!F2 -> 158 DIAS 5 HORAS
A3: =Sheet1!B3 -> AMARILDO ALVARENGA DE MATTOS | B3: =Sheet1!C3 -> AMARILDOALVARENGADEMATTOS@GMAIL.COM | C3: =Sheet1!D3 -> ESTUDANTE | D3: =Sheet1!E3 -> ANCHIETA | E3: =Sheet1!F3 -> 130 DIAS 3 HORAS
A4: =Sheet1!B4 -> ANA CAROLINA CORREIA ALMEIDA | B4: =Sheet1!C4 -> CORREIAALMEIDAANACAROLINA@GMAIL.COM | C4: =Sheet1!D4 -> PROFESSOR | D4: =Sheet1!E4 -> NENHUM GRUPO | E4: =Sheet1!F4 -> 7 DIAS
A5: =Sheet1!B5 -> ANA CAROLINA RIBEIRO PEREIRA | B5: =Sheet1!C5 -> ANA.CR.PEREIRA@HOTMAIL.COM | C5: =Sheet1!D5 -> ESTUDANTE | D5: =Sheet1!E5 -> CARIACICA | E5: =Sheet1!F5 -> 2 DIAS 3 HORAS
A6: =Sheet1!B6 -> ANIZIANE BOLZAN RODRIGUES BARBOSA | B6: =Sheet1!C6 -> EDUC.INTEGRAL.SEMED@GMAIL.COM | C6: =Sheet1!D6 -> ESTUDANTE | D6: =Sheet1!E6 -> MARATAÍZES | E6: =Sheet1!F6 -> 11 DIAS 9 HORAS
A7: =Sheet1!B7 -> ÂNTÔNIO CARLOS MORAES | B7: =Sheet1!C7 -> MORAES_2002@YAHOO.COM.BR | C7: =Sheet1!D7 -> PROFESSOR | D7: =Sheet1!E7 -> NENHUM GRUPO | E7: =Sheet1!F7 -> NUNCA
A8: =Sheet1!B8 -> CLAUDIANI PEÇANHA SILVA | B8: =Sheet1!C8 -> CLAUDIANI25@HOTMAIL.COM | C8: =Sheet1!D8 -> ESTUDANTE | D8: =Sheet1!E8 -> PRESIDENTE KENNEDY | E8: =Sheet1!F8 -> 5 DIAS 8 HORAS
A9: =Sheet1!B9 -> CLEIDSON FRISSO BRAZ | B9: =Sheet1!C9 -> CLEIDSONFRISSO@HOTMAIL.COM | C9: =Sheet1!D9 -> ESTUDANTE | D9: =Sheet1!E9 -> ITAPEMIRIM | E9: =Sheet1!F9 -> 166 DIAS 11 HORAS
A10: =Sheet1!B10 -> DEUZEDINA PINTO DE SOUZA SIMOES | B10: =Sheet1!C10 -> DEUZEDINASIMOES@GMAIL.COM | C10: =Sheet1!D10 -> ESTUDANTE | D10: =Sheet1!E10 -> ITAPEMIRIM | E10: =Sheet1!F10 -> 19 HORAS 20 MINUTOS
A11: =Sheet1!B11 -> DILEUSA MARTA MARTINELLI | B11: =Sheet1!C11 -> DILEUSAMARTINELLI@GMAIL.COM | C11: =Sheet1!D11 -> ESTUDANTE | D11: =Sheet1!E11 -> CARIACICA | E11: =Sheet1!F11 -> 3 DIAS 7 HORAS
A12: =Sheet1!B12 -> ELDA ALVARENGA | B12: =Sheet1!C12 -> ELDAALVARENGA@UOL.COM.BR | C12: =Sheet1!D12 -> PROFESSOR | D12: =Sheet1!E12 -> NENHUM GRUPO | E12: =Sheet1!F12 -> 5 DIAS 12 HORAS
A13: =Sheet1!B13 -> ELISANGELA SANTOS BITENCOURT | B13: =Sheet1!C13 -> ELISANGELA.BITENCOURT75@GMAIL.COM | C13: =Sheet1!D13 -> ESTUDANTE | D13: =Sheet1!E13 -> ALEGRE | E13: =Sheet1!F13 -> 138 DIAS 9 HORAS
... A56: =Sheet1!B56 -> VIVIANE LILIAN DOS SANTOS BARROZO | B56: =Sheet1!C56 -> VIVIANEBARROZO@UFMG.BR | C56: =Sheet1!D56 -> PROFESSOR | D56: =Sheet1!E56 -> NENHUM GRUPO | E56: =Sheet1!F56 -> 58 DIAS 5 HORAS

Sheet Sheet1
A1: SELECIONAR TUDO | B1: NOMEORDENAR POR NOME ASCENDENTE / SOBRENOMEORDENAR POR SOBRENOME ASCENDENTEHTTPS://VIRTUAL.UFMG.BR/EXTENSAO/USER/INDEX.PHP?ID=685&THIDE=FULLNAME | C1: ENDEREÇO DE EMAILORDENAR POR ENDEREÇO DE EMAIL ASCENDENTEHTTPS://VIRTUAL.UFMG.BR/EXTENSAO/USER/INDEX.PHP?ID=685&THIDE=EMAIL | D1: PAPÉISHTTPS://VIRTUAL.UFMG.BR/EXTENSAO/USER/INDEX.PHP?ID=685&THIDE=ROLES | E1: GRUPOSHTTPS://VIRTUAL.UFMG.BR/EXTENSAO/USER/INDEX.PHP?ID=685&THIDE=GROUPS | F1: ÚLTIMO ACESSO AO CURSOORDENAR POR ÚLTIMO ACESSO AO CURSO ASCENDENTEHTTPS://VIRTUAL.UFMG.BR/EXTENSAO/USER/INDEX.PHP?ID=685&THIDE=LASTACCESS | G1: SITUAÇÃOHTTPS://VIRTUAL.UFMG.BR/EXTENSAO/USER/INDEX.PHP?ID=685&THIDE=STATUS
A2: SELECIONE 'ADRIANA AMANCIO DE OLIVEIRA' | B2: ADRIANA AMANCIO DE OLIVEIRA | C2: DRYCAOLIVEIRA@GMAIL.COM | D2: PROFESSOR | E2: NENHUM GRUPO | F2: 158 DIAS 5 HORAS | G2: ATIVO HTTPS://VIRTUAL.UFMG.BR/EXTENSAO/USER/INDEX.PHP?ID=685# HTTPS://VIRTUAL.UFMG.BR/EXTENSAO/ENROL/EDITENROLMENT.PHP?ID=685&UE=44104 HTTPS://VIRTUAL.UFMG.BR/EXTENSAO/ENROL/UNENROLUSER.PHP?ID=685&UE=44104
A3: SELECIONE 'AMARILDO ALVARENGA DE MATTOS' | B3: AMARILDO ALVARENGA DE MATTOS | C3: AMARILDOALVARENGADEMATTOS@GMAIL.COM | D3: ESTUDANTE | E3: ANCHIETA | F3: 130 DIAS 3 HORAS | G3: ATIVO HTTPS://VIRTUAL.UFMG.BR/EXTENSAO/USER/INDEX.PHP?ID=685# HTTPS://VIRTUAL.UFMG.BR/EXTENSAO/ENROL/EDITENROLMENT.PHP?ID=685&UE=40958 HTTPS://VIRTUAL.UFMG.BR/EXTENSAO/ENROL/UNENROLUSER.PHP?ID=685&UE=40958
A4: SELECIONE 'ANA CAROLINA CORREIA ALMEIDA' | B4: ANA CAROLINA CORREIA ALMEIDA | C4: CORREIAALMEIDAANACAROLINA@GMAIL.COM | D4: PROFESSOR | E4: NENHUM GRUPO | F4: 7 DIAS | G4: ATIVO HTTPS://VIRTUAL.UFMG.BR/EXTENSAO/USER/INDEX.PHP?ID=685# HTTPS://VIRTUAL.UFMG.BR/EXTENSAO/ENROL/EDITENROLMENT.PHP?ID=685&UE=40815 HTTPS://VIRTUAL.UFMG.BR/EXTENSAO/ENROL/UNENROLUSER.PHP?ID=685&UE=40815
A5: SELECIONE 'ANA CAROLINA RIBEIRO PEREIRA' | B5: ANA CAROLINA RIBEIRO PEREIRA | C5: ANA.CR.PEREIRA@HOTMAIL.COM | D5: ESTUDANTE | E5: CARIACICA | F5: 2 DIAS 3 HORAS | G5: ATIVO HTTPS://VIRTUAL.UFMG.BR/EXTENSAO/USER/INDEX.PHP?ID=685# HTTPS://VIRTUAL.UFMG.BR/EXTENSAO/ENROL/EDITENROLMENT.PHP?ID=685&UE=44891 HTTPS://VIRTUAL.UFMG.BR/EXTENSAO/ENROL/UNENROLUSER.PHP?ID=685&UE=44891
A6: SELECIONE 'ANIZIANE BOLZAN RODRIGUES BARBOSA' | B6: ANIZIANE BOLZAN RODRIGUES BARBOSA | C6: EDUC.INTEGRAL.SEMED@GMAIL.COM | D6: ESTUDANTE | E6: MARATAÍZES | F6: 11 DIAS 9 HORAS | G6: ATIVO HTTPS://VIRTUAL.UFMG.BR/EXTENSAO/USER/INDEX.PHP?ID=685# HTTPS://VIRTUAL.UFMG.BR/EXTENSAO/ENROL/EDITENROLMENT.PHP?ID=685&UE=40953 HTTPS://VIRTUAL.UFMG.BR/EXTENSAO/ENROL/UNENROLUSER.PHP?ID=685&UE=40953
A7: SELECIONE 'ÂNTÔNIO CARLOS MORAES' | B7: ÂNTÔNIO CARLOS MORAES | C7: MORAES_2002@YAHOO.COM.BR | D7: PROFESSOR | E7: NENHUM GRUPO | F7: NUNCA | G7: ATIVO HTTPS://VIRTUAL.UFMG.BR/EXTENSAO/USER/INDEX.PHP?ID=685# HTTPS://VIRTUAL.UFMG.BR/EXTENSAO/ENROL/EDITENROLMENT.PHP?ID=685&UE=44109 HTTPS://VIRTUAL.UFMG.BR/EXTENSAO/ENROL/UNENROLUSER.PHP?ID=685&UE=44109
A8: SELECIONE 'CLAUDIANI PEÇANHA SILVA' | B8: CLAUDIANI PEÇANHA SILVA | C8: CLAUDIANI25@HOTMAIL.COM | D8: ESTUDANTE | E8: PRESIDENTE KENNEDY | F8: 5 DIAS 8 HORAS | G8: ATIVO HTTPS://VIRTUAL.UFMG.BR/EXTENSAO/USER/INDEX.PHP?ID=685# HTTPS://VIRTUAL.UFMG.BR/EXTENSAO/ENROL/EDITENROLMENT.PHP?ID=685&UE=40957 HTTPS://VIRTUAL.UFMG.BR/EXTENSAO/ENROL/UNENROLUSER.PHP?ID=685&UE=40957
A9: SELECIONE 'CLEIDSON FRISSO BRAZ' | B9: CLEIDSON FRISSO BRAZ | C9: CLEIDSONFRISSO@HOTMAIL.COM | D9: ESTUDANTE | E9: ITAPEMIRIM | F9: 166 DIAS 11 HORAS | G9: ATIVO HTTPS://VIRTUAL.UFMG.BR/EXTENSAO/USER/INDEX.PHP?ID=685# HTTPS://VIRTUAL.UFMG.BR/EXTENSAO/ENROL/EDITENROLMENT.PHP?ID=685&UE=40944 HTTPS://VIRTUAL.UFMG.BR/EXTENSAO/ENROL/UNENROLUSER.PHP?ID=685&UE=40944
A10: SELECIONE 'DEUZEDINA PINTO DE SOUZA SIMOES' | B10: DEUZEDINA PINTO DE SOUZA SIMOES | C10: DEUZEDINASIMOES@GMAIL.COM | D10: ESTUDANTE | E10: ITAPEMIRIM | F10: 19 HORAS 20 MINUTOS | G10: ATIVO HTTPS://VIRTUAL.UFMG.BR/EXTENSAO/USER/INDEX.PHP?ID=685# HTTPS://VIRTUAL.UFMG.BR/EXTENSAO/ENROL/EDITENROLMENT.PHP?ID=685&UE=45739 HTTPS://VIRTUAL.UFMG.BR/EXTENSAO/ENROL/UNENROLUSER.PHP?ID=685&UE=45739
A11: SELECIONE 'DILEUSA MARTA MARTINELLI' | B11: DILEUSA MARTA MARTINELLI | C11: DILEUSAMARTINELLI@GMAIL.COM | D11: ESTUDANTE | E11: CARIACICA | F11: 3 DIAS 7 HORAS | G11: ATIVO HTTPS://VIRTUAL.UFMG.BR/EXTENSAO/USER/INDEX.PHP?ID=685# HTTPS://VIRTUAL.UFMG.BR/EXTENSAO/ENROL/EDITENROLMENT.PHP?ID=685&UE=44892 HTTPS://VIRTUAL.UFMG.BR/EXTENSAO/ENROL/UNENROLUSER.PHP?ID=685&UE=44892
A12: SELECIONE 'ELDA ALVARENGA' | B12: ELDA ALVARENGA | C12: ELDAALVARENGA@UOL.COM.BR | D12: PROFESSOR | E12: NENHUM GRUPO | F12: 5 DIAS 12 HORAS | G12: ATIVO HTTPS://VIRTUAL.UFMG.BR/EXTENSAO/USER/INDEX.PHP?ID=685# HTTPS://VIRTUAL.UFMG.BR/EXTENSAO/ENROL/EDITENROLMENT.PHP?ID=685&UE=44099 HTTPS://VIRTUAL.UFMG.BR/EXTENSAO/ENROL/UNENROLUSER.PHP?ID=685&UE=44099
... A56: SELECIONE 'VIVIANE LILIAN DOS SANTOS BARROZO' | B56: VIVIANE LILIAN DOS SANTOS BARROZO | C56: VIVIANEBARROZO@UFMG.BR | D56: PROFESSOR | E56: NENHUM GRUPO | F56: 58 DIAS 5 HORAS | G56: ATIVO HTTPS://VIRTUAL.UFMG.BR/EXTENSAO/USER/INDEX.PHP?ID=685# HTTPS://VIRTUAL.UFMG.BR/EXTENSAO/ENROL/EDITENROLMENT.PHP?ID=685&UE=40684 HTTPS://VIRTUAL.UFMG.BR/EXTENSAO/ENROL/UNENROLUSER.PHP?ID=685&UE=40684
